4925,4925,4925,4925,4925,4925,4925,4925,4925,4925,4925,4925,4925,4925,4925,4925,4925,4925,4925,4925,4925,4925,4925,4925,4925,4925,4925,4925,4925,4925,4925,4925
4925,4925,4925,4925,4925,5218,5212,5212,5212,5212,5212,5212,5212,5212,5212,5212,5212,5212,5212,5212,5212,5212,5212,5212,5212,5212,5212,5212,5212,5063,4925,4925
4925,4925,4925,4925,5218,4925,4925,4925,4925,4925,4925,4925,4925,4925,4925,4925,4925,4925,4925,5218,5212,5212,5212,5212,5212,5212,5212,5063,4925,5212,5063,4925
4925,4925,4925,5218,4925,4925,5218,5212,5212,5063,5218,5212,5063,4925,5218,5212,5212,5212,5212,4925,4925,4925,4925,4925,4925,4925,4925,5212,5063,4925,5531,4925
4925,4925,5218,4925,4925,2523,2523,2523,2523,5212,4925,4925,5531,5218,4925,4925,4925,4925,4925,5218,5212,5212,5212,5212,5063,4925,4925,4925,5212,5063,5212,5063
4925,4925,5063,4925,5218,2662,2662,4574,2662,5531,4925,4925,5212,4925,4925,4925,4925,5218,5212,4925,4925,4925,4925,4925,5212,5063,4925,4925,4925,5212,5063,5531
4925,4925,5063,4925,5063,5922,5908,148,5908,5523,4925,4925,5218,5212,5212,5212,5212,4925,5150,5212,5212,5212,5212,5212,5063,5063,2523,2523,2523,4925,5531,5531
4925,5218,4925,4925,5063,4900,4900,4900,4900,4925,5218,5212,4925,4925,5218,5212,5150,340,1756,1758,4925,1758,1758,5150,5531,5212,2662,3845,2662,5531,5531,5531
4925,5063,4925,4925,5063,4900,4900,4900,4900,4925,5063,4925,5218,5212,4925,4900,4900,1617,4339,1603,5531,1706,1706,5531,5212,5063,5908,148,5908,5523,5531,5531
4925,1629,4925,4925,5063,4900,4900,4925,5218,5212,4925,5218,4925,4925,1758,1756,1758,5908,5908,5908,5531,5908,5922,5523,4925,5531,5063,4925,4925,4925,5531,5531
4925,4925,1629,5063,1629,5063,4925,5218,4925,4925,5150,4925,4925,4925,1617,1979,1603,5908,148,5908,5523,695,4900,4925,4925,5531,5212,5063,4925,4925,5531,5531
4925,4925,4925,5063,4925,5063,5218,4925,4925,5218,4925,4900,4900,4925,5908,5922,5922,5523,4900,4900,4900,4900,4900,4925,2502,5523,4925,5531,4925,4925,5531,5531
4925,4925,4925,5063,5218,4925,5063,4925,4925,5063,2523,2523,2523,4925,4900,4900,695,4925,4925,340,1756,1758,4900,4925,5531,4925,2502,5523,4925,4925,5531,5531
4925,4925,5218,4925,5063,4925,1629,2502,5063,5063,2662,2662,2662,5531,4900,4900,5150,4900,4900,1617,1979,1603,5531,1629,5523,1629,5523,4925,4925,1629,5523,5531
4925,5218,4925,4925,5063,4925,4925,4925,5063,5063,5908,148,5908,5523,4925,4925,1629,2502,4900,5908,5908,5908,5523,5531,4925,5531,4925,5425,4925,5531,4925,5531
4925,5063,4925,5218,4925,5425,4925,4925,5063,5063,4900,4900,4900,4925,4925,1629,5523,4925,1629,4925,4925,4925,4925,5531,4925,5212,5063,5299,4925,5531,4925,5531
4925,5063,4925,5063,5309,5299,5309,5218,4925,5063,4925,4925,4925,1629,1629,5523,4925,4925,4925,1629,1629,1629,1629,5523,5425,4925,5212,5063,4925,5531,4925,5531
4925,5063,4925,5063,4925,5309,5218,4925,4925,1629,1629,2502,1629,5523,4925,4925,1629,1629,5063,4925,4925,4925,4925,4925,5299,4925,4925,5531,1629,5523,4925,5531
4925,5063,4925,1629,5063,4925,5063,4925,4925,4925,4925,4925,4925,4925,4925,1629,5523,5475,5063,1758,1758,1758,695,4925,4925,4925,1629,5523,5531,4925,4925,5531
4925,1629,5063,4925,5063,4925,1629,5063,4925,4925,4925,4925,4925,4925,1629,5523,4900,4900,5063,1706,5799,1706,5531,4925,4925,1629,5523,4925,5531,4925,4925,5531
4925,4925,5063,4925,5063,4925,4925,1629,1629,1629,1629,1629,1629,1629,5523,4900,5218,5212,4925,5908,148,5908,5523,1629,1629,5523,4925,4925,5531,4925,1629,5523
4925,4925,5063,4925,5063,4925,4925,4925,5425,4900,4900,4900,4925,4925,4900,4900,5063,4925,5150,4925,4925,4925,1629,5523,4925,4925,4925,1629,5523,1629,5523,4925
4925,4925,5063,4925,5063,4925,4925,4925,5299,5425,4925,4900,5218,5212,5212,5212,4925,4925,4925,4925,4925,1629,5523,4925,4925,4925,1629,5523,4925,5531,4925,4925
4925,5218,4925,4925,1629,1629,5063,4925,4925,5299,4925,4925,5063,4925,4925,4925,4925,4925,4925,4925,4925,5531,4925,4925,4925,1629,5523,4925,4925,5531,4925,4925
4925,5063,5425,4925,4925,4925,1629,1629,5063,4925,4925,4925,1629,1629,1629,1629,1629,2502,1629,1629,1629,5523,4925,1629,1629,5523,4925,4925,4925,5212,5063,4925
4925,5063,5299,4925,5425,4925,4925,4925,1629,5063,4925,4925,4925,4925,4925,4925,4925,4925,4925,4925,4925,4925,1629,5523,4925,5425,5425,5425,4925,4925,5531,4925
4925,5063,4925,4925,5092,5425,5425,4925,4925,1629,1629,1629,1629,1629,1629,1629,1629,2502,1629,1629,1629,1629,5523,4925,4925,5299,5092,5299,4925,4925,5212,5063
4925,1629,4925,4925,5299,5299,5092,5425,4925,4925,4925,4925,4925,4925,4925,4925,4925,4925,4925,4925,4925,4925,4925,5425,4925,4925,5299,4925,4925,4925,4925,5531
4925,4925,1629,4925,4925,4925,5299,5299,4925,4925,4925,4925,4925,4925,4925,4925,4925,4925,4925,4925,4925,4925,4925,5299,4925,4925,4925,4925,4925,1629,1629,5523
4925,4925,4925,1629,1629,4925,4925,4925,4925,4925,4925,4925,4925,1629,1629,1629,1629,2502,1629,1629,4925,4925,4925,4925,4925,1629,1629,1629,1629,5523,4925,4925
4925,4925,4925,4925,4925,1629,1629,1629,1629,1629,1629,1629,1629,5523,4925,4925,4925,4925,4925,4925,1629,1629,1629,1629,1629,5523,4925,4925,4925,4925,4925,4925
4925,4925,4925,4925,4925,4925,4925,4925,4925,4925,4925,4925,4925,4925,4925,4925,4925,4925,4925,4925,4925,4925,4925,4925,4925,4925,4925,4925,4925,4925,4925,4925
